{"stats":{"minecraft:picked_up":{"minecraft:stick":2,"minecraft:dirt":6},"minecraft:mined":{"minecraft:grass_block":3,"minecraft:birch_leaves":7,"minecraft:dirt":3},"minecraft:used":{"minecraft:dirt":3},"minecraft:custom":{"minecraft:jump":63,"minecraft:time_since_rest":3875,"minecraft:leave_game":4,"minecraft:crouch_one_cm":49,"minecraft:play_time":3875,"minecraft:sprint_one_cm":5407,"minecraft:damage_taken":30,"minecraft:time_since_death":3875,"minecraft:walk_one_cm":12714,"minecraft:sneak_time":6,"minecraft:total_world_time":3875,"minecraft:fall_one_cm":988,"minecraft:fly_one_cm":3408}},"DataVersion":3465}