{"stats":{"minecraft:picked_up":{"minecraft:stick":2,"minecraft:birch_sapling":1,"minecraft:dirt":8},"minecraft:mined":{"minecraft:grass_block":6,"minecraft:birch_leaves":13,"minecraft:dirt":3},"minecraft:used":{"minecraft:dirt":3},"minecraft:custom":{"minecraft:jump":90,"minecraft:time_since_rest":11405,"minecraft:leave_game":5,"minecraft:crouch_one_cm":148,"minecraft:play_time":11405,"minecraft:sprint_one_cm":10166,"minecraft:damage_taken":70,"minecraft:time_since_death":11405,"minecraft:walk_one_cm":17842,"minecraft:sneak_time":17,"minecraft:total_world_time":11405,"minecraft:fall_one_cm":2063,"minecraft:fly_one_cm":6144}},"DataVersion":3465}