{"stats":{"minecraft:used":{"modminds:bloqueador":1,"tacz:gun_smith_table":2,"minecraft:enchanted_golden_apple":1},"minecraft:custom":{"minecraft:time_since_rest":67289,"minecraft:play_time":67289,"minecraft:damage_taken":30,"minecraft:walk_one_cm":39914,"minecraft:sneak_time":18,"minecraft:mob_kills":5,"minecraft:drop":1,"minecraft:jump":147,"minecraft:leave_game":3,"minecraft:time_since_death":67289,"minecraft:total_world_time":67289,"minecraft:fall_one_cm":836,"minecraft:fly_one_cm":86550},"minecraft:mined":{"minecraft:birch_leaves":5},"minecraft:dropped":{"minecraft:gunpowder":2},"minecraft:killed":{"minecraft:sheep":2,"minecraft:spider":1,"minecraft:creeper":1,"minecraft:cow":1},"minecraft:picked_up":{"minecraft:wheat_seeds":1,"minecraft:beef":1,"minecraft:gunpowder":4}},"DataVersion":3465}