{"stats":{"minecraft:picked_up":{"minecraft:beef":1,"minecraft:gunpowder":2,"minecraft:wheat_seeds":1},"minecraft:custom":{"minecraft:jump":134,"minecraft:time_since_rest":39691,"minecraft:leave_game":1,"minecraft:play_time":39691,"minecraft:damage_taken":30,"minecraft:time_since_death":39691,"minecraft:walk_one_cm":36829,"minecraft:sneak_time":18,"minecraft:total_world_time":39691,"minecraft:mob_kills":2,"minecraft:fall_one_cm":836,"minecraft:fly_one_cm":53702},"minecraft:used":{"tacz:gun_smith_table":2,"minecraft:enchanted_golden_apple":1},"minecraft:mined":{"minecraft:birch_leaves":5},"minecraft:killed":{"minecraft:creeper":1,"minecraft:cow":1}},"DataVersion":3465}