{"stats":{"minecraft:used":{"dedsafio_3:taxi":10,"modminds:bloqueador":1,"minecraft:end_portal_frame":17,"tacz:gun_smith_table":2,"dedsafio_3:batidora_legendaria":3,"minecraft:enchanted_golden_apple":1,"dedsafio_3:casino_d_3":5},"minecraft:custom":{"minecraft:time_since_rest":93888,"minecraft:crouch_one_cm":1,"minecraft:sprint_one_cm":35,"minecraft:play_time":93888,"minecraft:damage_taken":30,"minecraft:walk_one_cm":79025,"minecraft:sneak_time":23,"minecraft:mob_kills":7,"minecraft:drop":2,"minecraft:jump":207,"minecraft:leave_game":4,"minecraft:time_since_death":93888,"minecraft:total_world_time":93888,"minecraft:fall_one_cm":836,"minecraft:fly_one_cm":151231},"minecraft:mined":{"minecraft:birch_leaves":5},"minecraft:dropped":{"minecraft:iron_ingot":1,"minecraft:gunpowder":2},"minecraft:killed":{"dedsafio_3:rana_gigante":1,"minecraft:sheep":2,"minecraft:spider":1,"minecraft:pig":1,"minecraft:creeper":1,"minecraft:cow":1},"minecraft:picked_up":{"dedsafio_3:taxi":10,"minecraft:wheat_seeds":1,"minecraft:beef":1,"minecraft:porkchop":2,"minecraft:gunpowder":4}},"DataVersion":3465}