{"stats":{"minecraft:used":{"dedsafio_3:taxi":5,"modminds:bloqueador":1,"tacz:gun_smith_table":2,"dedsafio_3:casino_d_3":4,"minecraft:enchanted_golden_apple":1},"minecraft:custom":{"minecraft:time_since_rest":79289,"minecraft:play_time":79289,"minecraft:damage_taken":30,"minecraft:walk_one_cm":55258,"minecraft:sneak_time":18,"minecraft:mob_kills":5,"minecraft:drop":2,"minecraft:jump":164,"minecraft:leave_game":3,"minecraft:time_since_death":79289,"minecraft:total_world_time":79289,"minecraft:fall_one_cm":836,"minecraft:fly_one_cm":104709},"minecraft:mined":{"minecraft:birch_leaves":5},"minecraft:killed":{"minecraft:sheep":2,"minecraft:spider":1,"minecraft:creeper":1,"minecraft:cow":1},"minecraft:dropped":{"minecraft:iron_ingot":1,"minecraft:gunpowder":2},"minecraft:picked_up":{"dedsafio_3:taxi":5,"minecraft:wheat_seeds":1,"minecraft:beef":1,"minecraft:gunpowder":4}},"DataVersion":3465}